ticket_id,age,ticket_price,movie_genre,seat_type,number_of_person,purchase_again,general data analysis,,
A0309,21,24.54,Drama,Standard,5,0,number of times '1' occured in column G,705,seat_type_num
A0388,43,20.17,Horror,Standard,0,1,number of times '0' occured in column G,731,0
A0701,47,21.43,Comedy,VIP,4,0,percentage of people who said yes (1),49.09%,0
A0761,42,11.89,Action,Premium,0,1,percentage of people who said no (0),50.91%,1
A1178,58,23.78,Sci-Fi,VIP,7,0,min ticket price - action,10.01,2
A1254,32,23.14,Comedy,Premium,3,0,max ticket price - sci-fi,24.99,1
A1540,52,14.44,Drama,Standard,4,1,min number of person,0,2
A2029,46,12.12,Sci-Fi,Standard,0,1,max number of person,7,0
A2032,44,14.62,Action,VIP,0,1,max age,60,0
A2343,47,22.40,Sci-Fi,Standard,4,0,min age,18,1
A2431,27,11.39,Comedy,Standard,0,0,number of people who saw action genre,308,0
A2476,29,10.76,Comedy,Premium,3,1,number of people who saw drama genre,284,0
A2565,30,20.19,Sci-Fi,Premium,0,1,number of people who saw horror genre,299,2
A2805,57,10.70,Action,Standard,0,1,number of people who saw sci-fi genre,258,2
A2841,33,14.18,Horror,VIP,0,0,number of people who saw comedy genre,287,0
A3164,20,23.62,Sci-Fi,Standard,3,1,number of people who opted for standard seat type,474,1
A3459,34,13.43,Sci-Fi,Premium,0,1,number of people who opted for VIP seat type,492,0
A3867,40,10.69,Drama,VIP,0,1,number of people who opted for premium seat type,470,2
A3974,58,12.04,Action,Standard,0,1,most watched genre - action,308,1
A4304,49,13.59,Action,Premium,0,1,least watched genre - sci-fi,258,0
A4622,35,22.33,Drama,Premium,4,1,correlation between purchase again and seat type,-0.03529577204,2
A4723,44,13.62,Horror,Premium,6,1,correlation between purchase again and age,0.0262042182,2
A4827,47,17.28,Horror,VIP,0,0,correlation between purchase again and number of person,-0.01676793578,2
A4844,48,10.10,Horror,Standard,0,0,correlation between purchase again and ticket price,-0.02362439625,1
A5251,26,24.99,Sci-Fi,Premium,0,0,,,0
A5307,45,21.46,Comedy,Standard,6,0,,,2
A5528,21,11.12,Comedy,Premium,0,0,,,0
A5566,54,22.72,Comedy,Premium,4,0,,,2
A6397,58,15.81,Drama,Premium,5,1,,,2
A6502,58,11.50,Horror,Standard,5,0,,,2
A6849,28,15.12,Sci-Fi,VIP,3,0,,,0
A6968,49,14.09,Comedy,Standard,6,1,,,1
A7151,57,10.63,Comedy,Standard,2,0,,,0
A7217,46,24.98,Horror,VIP,0,0,,,0
A7562,26,24.82,Comedy,Standard,4,0,,,1
A7565,27,13.63,Sci-Fi,VIP,0,1,,,0
A7782,19,23.18,Drama,Standard,0,1,,,1
A8022,44,14.89,Horror,Standard,0,0,,,0
A8189,27,18.47,Comedy,VIP,6,1,,,0
A8268,43,23.80,Action,VIP,7,1,,,1
A8535,50,14.78,Sci-Fi,Premium,5,0,,,1
A8680,35,13.74,Horror,Standard,3,1,,,2
A8762,50,24.06,Sci-Fi,VIP,0,0,,,0
A9027,52,19.11,Comedy,VIP,4,0,,,1
A9193,33,17.57,Horror,VIP,2,1,,,1
A9435,49,17.85,Drama,Premium,0,1,,,1
A9621,44,19.10,Comedy,Standard,0,0,,,2
A9751,31,10.89,Comedy,Premium,0,0,,,0
A9804,50,11.25,Comedy,Premium,0,1,,,2
B0051,55,19.32,Horror,Premium,7,0,,,2
B0204,47,13.75,Comedy,VIP,2,1,,,2
B0273,47,15.87,Horror,Standard,6,0,,,1
B0660,30,21.26,Comedy,VIP,0,0,,,0
B0684,46,12.16,Horror,Standard,5,1,,,1
B0694,21,15.57,Action,Premium,5,0,,,0
B0786,40,18.80,Horror,Premium,4,1,,,2
B0938,54,17.71,Action,Standard,4,0,,,2
B1030,56,22.49,Horror,Standard,3,0,,,0
B1192,52,22.45,Drama,VIP,0,0,,,0
B1441,36,22.79,Sci-Fi,Premium,5,1,,,1
B1445,56,18.18,Sci-Fi,VIP,0,0,,,2
B1567,21,10.41,Comedy,VIP,5,1,,,1
B1663,47,15.16,Drama,Standard,0,1,,,1
B1744,34,10.71,Comedy,Standard,0,0,,,0
B2343,20,11.09,Action,Premium,5,1,,,0
B2686,22,15.19,Sci-Fi,Standard,3,1,,,2
B2777,60,16.52,Drama,Standard,3,1,,,0
B2822,59,10.49,Action,Standard,0,0,,,0
B3035,29,24.12,Drama,Standard,0,0,,,0
B3243,53,23.01,Drama,Standard,6,1,,,0
B3335,31,22.23,Action,VIP,0,0,,,0
B3397,20,17.16,Horror,Premium,0,0,,,1
B3577,40,20.41,Sci-Fi,Premium,6,0,,,2
B3750,57,15.21,Action,Standard,0,0,,,2
B4004,55,16.38,Sci-Fi,Standard,3,0,,,0
B4025,30,10.03,Action,Standard,7,0,,,0
B4108,60,17.51,Horror,VIP,0,1,,,0
B4363,20,19.03,Horror,Premium,2,0,,,1
B4428,33,10.77,Drama,VIP,6,1,,,2
B4448,41,18.49,Action,VIP,7,0,,,1
B4636,45,15.43,Drama,VIP,4,1,,,1
B4763,39,18.61,Comedy,Standard,0,0,,,1
B5225,41,24.78,Horror,VIP,7,1,,,0
B5435,35,11.04,Horror,Premium,2,0,,,1
B5437,56,14.81,Action,Standard,0,1,,,2
B5560,21,16.28,Horror,Standard,2,1,,,0
B5911,47,11.33,Action,Premium,0,1,,,0
B5952,37,13.85,Comedy,VIP,4,1,,,2
B6296,18,24.97,Horror,Standard,0,1,,,1
B6368,57,12.49,Horror,Premium,3,0,,,0
B6802,28,24.86,Horror,VIP,4,0,,,2
B6927,46,20.58,Comedy,Standard,0,0,,,1
B7099,23,20.99,Drama,Premium,0,1,,,0
B7133,50,17.28,Drama,Premium,0,0,,,2
B7349,40,10.81,Horror,Premium,7,0,,,2
B8006,52,16.35,Comedy,VIP,6,0,,,2
B8091,35,19.02,Drama,Standard,0,1,,,1
B8133,49,17.00,Sci-Fi,Standard,4,0,,,0
B8174,50,12.82,Comedy,Standard,2,0,,,0
B8230,33,12.21,Horror,VIP,7,1,,,0
B8493,54,22.40,Sci-Fi,Premium,0,0,,,1
B8523,25,14.70,Comedy,Standard,7,1,,,2
B8586,38,15.92,Action,Standard,0,1,,,0
B8644,48,12.20,Drama,Premium,7,1,,,0
B8676,43,10.37,Horror,VIP,4,0,,,2
B8840,52,16.14,Drama,Standard,0,1,,,1
B8877,52,21.50,Horror,Standard,7,1,,,0
B9078,22,18.01,Sci-Fi,Standard,0,0,,,0
B9198,26,12.80,Drama,Standard,0,1,,,0
B9303,46,11.71,Drama,VIP,2,1,,,0
B9367,43,16.40,Action,Standard,0,1,,,1
C0056,20,10.17,Sci-Fi,Premium,7,1,,,0
C0135,20,14.50,Drama,Standard,6,0,,,2
C0196,24,18.36,Comedy,VIP,6,0,,,0
C0817,28,13.24,Sci-Fi,VIP,0,0,,,1
C1040,45,14.40,Horror,Standard,0,0,,,1
C1073,44,17.85,Comedy,Premium,0,0,,,0
C1192,23,13.33,Action,VIP,4,0,,,2
C1249,19,19.40,Action,VIP,3,0,,,1
C1641,31,19.31,Action,Standard,7,1,,,1
C1677,26,23.35,Comedy,VIP,4,0,,,0
C1679,30,13.08,Horror,Premium,0,0,,,1
C1874,37,17.53,Action,Standard,0,0,,,2
C2285,21,23.40,Comedy,Standard,0,1,,,0
C2441,33,17.41,Drama,Standard,0,0,,,0
C3171,47,24.21,Sci-Fi,VIP,0,0,,,0
C3874,20,12.01,Action,Premium,0,1,,,1
C3968,41,18.43,Sci-Fi,Premium,2,0,,,2
C4173,40,17.28,Horror,VIP,0,0,,,2
C4344,53,16.30,Horror,VIP,0,1,,,1
C4357,19,11.45,Action,Standard,0,0,,,1
C4408,48,15.68,Comedy,VIP,3,1,,,0
C4419,48,13.01,Drama,VIP,4,0,,,1
C4526,42,19.51,Horror,Premium,6,0,,,1
C5141,42,24.32,Horror,Standard,0,1,,,2
C5599,51,12.22,Drama,Standard,0,0,,,0
C5723,28,12.40,Drama,Premium,6,1,,,0
C5761,24,18.20,Action,Standard,0,1,,,2
C5867,19,15.00,Horror,Premium,7,1,,,0
C6210,27,20.75,Comedy,VIP,0,0,,,2
C6483,56,16.33,Drama,VIP,6,1,,,1
C6804,27,19.14,Comedy,Premium,0,1,,,1
C6888,50,19.68,Sci-Fi,Standard,6,0,,,2
C7180,19,13.94,Comedy,Standard,3,1,,,0
C7519,57,22.07,Drama,Standard,0,1,,,0
C7647,38,21.27,Comedy,Standard,3,1,,,0
C7811,25,12.12,Comedy,Premium,0,1,,,0
C7925,58,13.52,Comedy,VIP,3,1,,,2
C8119,46,19.99,Comedy,Premium,0,0,,,1
C8150,44,12.16,Comedy,VIP,0,1,,,2
C8279,40,24.45,Action,VIP,6,1,,,1
C8354,46,19.82,Sci-Fi,Premium,6,1,,,1
C8377,25,10.70,Horror,Premium,0,1,,,2
C8708,26,17.78,Drama,Premium,0,0,,,2
C8928,35,15.40,Action,Premium,7,1,,,2
C9056,27,22.17,Comedy,VIP,0,0,,,2
C9487,37,18.64,Drama,Standard,4,0,,,1
C9548,44,24.48,Horror,VIP,0,0,,,0
C9920,26,16.24,Comedy,Standard,6,1,,,1
C9977,58,24.96,Action,Standard,0,1,,,0
D0301,37,16.66,Sci-Fi,VIP,7,0,,,0
D0342,27,12.12,Sci-Fi,Premium,0,0,,,1
D0431,44,18.79,Comedy,VIP,7,1,,,2
D0530,53,10.17,Sci-Fi,Standard,6,0,,,1
D1265,33,16.22,Horror,Standard,6,0,,,0
D1283,36,11.94,Drama,VIP,4,1,,,0
D1937,49,13.15,Sci-Fi,VIP,6,0,,,1
D1959,43,18.99,Sci-Fi,VIP,0,1,,,1
D2037,51,10.86,Comedy,Premium,3,1,,,1
D2128,20,13.82,Drama,Standard,0,0,,,2
D2487,58,21.32,Horror,Premium,6,0,,,0
D2585,25,21.96,Drama,VIP,6,1,,,2
D3548,18,15.35,Horror,Standard,2,0,,,1
D3652,57,10.57,Sci-Fi,Standard,0,1,,,0
D3688,49,10.41,Horror,VIP,5,1,,,0
D3902,30,23.22,Sci-Fi,Standard,0,1,,,1
D3993,33,21.54,Action,Standard,0,0,,,0
D4105,54,24.61,Comedy,VIP,0,0,,,0
D4217,20,13.39,Sci-Fi,Standard,3,0,,,1
D4263,56,22.18,Action,Premium,0,0,,,0
D4512,20,14.37,Action,Standard,7,1,,,2
D5033,25,10.41,Sci-Fi,Premium,0,1,,,0
D5034,18,12.26,Sci-Fi,VIP,0,0,,,2
D5713,40,19.04,Drama,Premium,0,1,,,1
D5786,55,23.03,Action,VIP,7,1,,,2
D5815,50,23.98,Comedy,VIP,0,0,,,1
D5863,21,20.48,Sci-Fi,VIP,5,0,,,1
D6122,49,20.60,Horror,Standard,0,1,,,1
D6466,27,21.99,Action,Standard,0,0,,,0
D6523,38,24.27,Horror,VIP,0,1,,,0
D6725,45,14.17,Sci-Fi,Premium,7,0,,,1
D6962,42,23.83,Action,Premium,0,1,,,2
D7534,60,16.33,Sci-Fi,Premium,0,1,,,2
D8335,37,11.11,Action,VIP,0,1,,,2
D8428,19,12.09,Horror,Premium,0,0,,,1
D8615,21,10.02,Drama,Premium,0,0,,,2
D9009,49,15.09,Horror,Standard,0,1,,,2
D9095,40,13.46,Drama,Premium,0,1,,,0
D9454,31,21.50,Action,Standard,5,1,,,2
D9547,48,13.81,Action,Premium,4,0,,,0
D9591,33,10.24,Horror,Standard,0,0,,,2
D9710,58,20.19,Horror,Premium,0,1,,,0
D9856,19,17.81,Action,Premium,0,0,,,2
D9861,19,11.67,Drama,VIP,0,0,,,2
D9944,26,13.34,Drama,Premium,0,0,,,1
E0024,47,17.69,Comedy,Premium,0,0,,,2
E0055,41,17.59,Sci-Fi,Standard,3,1,,,2
E0138,18,11.96,Sci-Fi,Premium,7,1,,,0
E0326,46,13.91,Comedy,VIP,0,1,,,2
E0466,20,11.13,Horror,Standard,0,0,,,1
E0474,32,11.10,Action,VIP,0,1,,,0
E0520,21,17.65,Sci-Fi,VIP,5,1,,,1
E0759,46,13.84,Horror,Premium,6,1,,,1
E0849,23,15.44,Horror,Standard,0,1,,,2
E1293,24,13.65,Comedy,Standard,6,0,,,0
E1815,54,15.68,Horror,VIP,0,1,,,0
E2026,46,19.79,Drama,Premium,7,1,,,1
E2087,48,23.67,Horror,Premium,6,1,,,2
E2255,59,22.17,Comedy,Standard,0,0,,,2
E2469,39,22.98,Drama,Premium,7,1,,,0
E2511,54,22.02,Horror,Standard,4,0,,,2
E2517,47,10.69,Drama,Standard,0,0,,,0
E2573,35,18.31,Sci-Fi,VIP,6,0,,,0
E2677,45,10.85,Comedy,VIP,6,1,,,1
E3076,44,19.74,Horror,VIP,0,1,,,1
E3613,31,21.67,Comedy,Standard,3,0,,,1
E3715,46,11.50,Action,VIP,7,0,,,0
E3795,19,13.28,Action,Standard,5,1,,,1
E4018,46,18.49,Drama,VIP,0,1,,,0
E4059,22,24.80,Drama,Standard,0,1,,,1
E4245,49,22.32,Drama,Premium,7,1,,,0
E4423,44,18.52,Comedy,Standard,4,0,,,2
E4812,33,10.43,Horror,Standard,0,1,,,0
E4844,44,23.79,Drama,VIP,2,1,,,0
E4975,60,20.17,Comedy,Standard,0,0,,,1
E5406,37,23.41,Sci-Fi,VIP,6,1,,,0
E5484,41,17.09,Sci-Fi,Standard,2,1,,,1
E5507,27,24.70,Drama,Premium,7,1,,,0
E5655,51,23.81,Sci-Fi,VIP,3,0,,,2
E5861,28,11.58,Horror,VIP,0,1,,,1
E5978,23,15.16,Sci-Fi,Premium,3,1,,,1
E6095,20,20.02,Action,Premium,0,1,,,2
E6176,47,24.16,Drama,Premium,0,0,,,2
E6569,21,12.60,Horror,Standard,0,1,,,2
E6639,32,24.91,Action,Premium,0,0,,,0
E6974,51,19.75,Horror,VIP,0,0,,,2
E7092,59,17.37,Sci-Fi,VIP,6,0,,,1
E7698,24,19.56,Comedy,Premium,7,0,,,1
E8006,41,18.65,Action,VIP,3,1,,,2
E8011,41,11.45,Comedy,Premium,0,0,,,1
E8060,53,22.93,Sci-Fi,Standard,6,1,,,2
E8457,38,12.29,Drama,Premium,5,0,,,0
E8470,55,17.88,Drama,Premium,0,0,,,2
E8595,41,21.57,Drama,Premium,0,0,,,2
E8769,58,19.08,Comedy,Premium,0,0,,,2
E8777,24,23.26,Drama,Standard,7,1,,,2
E8799,34,16.50,Comedy,Standard,2,0,,,0
E9333,26,10.11,Action,VIP,7,0,,,0
E9522,37,11.40,Sci-Fi,VIP,6,0,,,1
E9609,23,19.46,Sci-Fi,Standard,0,1,,,1
E9733,44,13.83,Horror,Premium,0,1,,,0
E9851,60,22.70,Action,Premium,3,1,,,2
E9959,23,21.16,Horror,Standard,0,1,,,2
F0123,34,13.82,Action,Premium,4,0,,,0
F0351,43,15.17,Sci-Fi,Standard,3,1,,,2
F0463,19,17.53,Horror,Standard,0,1,,,0
F0472,43,13.09,Action,VIP,6,1,,,0
F0706,43,18.79,Comedy,Standard,0,0,,,1
F0953,59,24.75,Action,VIP,0,1,,,0
F1093,31,22.95,Comedy,VIP,2,0,,,1
F1181,38,15.60,Drama,Standard,0,1,,,1
F1452,59,11.46,Action,Standard,0,1,,,0
F1526,35,24.45,Horror,Premium,6,0,,,0
F1619,33,19.49,Drama,Standard,0,1,,,2
F1834,40,13.93,Comedy,Premium,6,1,,,0
F1885,40,23.34,Action,Premium,5,0,,,2
F2003,35,20.77,Action,Standard,4,1,,,2
F2516,45,23.95,Action,VIP,0,1,,,0
F2596,55,13.39,Drama,Premium,0,0,,,1
F2620,25,14.20,Action,VIP,5,1,,,2
F2770,45,24.54,Comedy,Standard,6,1,,,1
F3207,22,12.23,Action,VIP,0,0,,,0
F3865,23,22.99,Sci-Fi,Premium,3,1,,,1
F3922,19,12.48,Action,Premium,5,1,,,2
F4095,48,11.60,Horror,VIP,5,1,,,2
F4124,57,21.93,Sci-Fi,Premium,2,0,,,1
F4135,36,21.54,Action,VIP,0,1,,,2
F4455,28,10.48,Drama,VIP,0,0,,,1
F4653,49,10.42,Comedy,VIP,7,1,,,1
F5223,51,22.32,Action,VIP,2,0,,,1
F5373,54,16.94,Sci-Fi,Standard,0,0,,,1
F5465,50,15.99,Sci-Fi,Premium,0,1,,,0
F5776,54,19.41,Sci-Fi,VIP,4,1,,,2
F6097,33,15.88,Drama,Premium,0,0,,,1
F6176,18,18.86,Horror,Premium,3,1,,,2
F6545,43,14.92,Action,Premium,2,0,,,2
F7192,20,24.17,Sci-Fi,Premium,0,1,,,2
F7268,18,18.76,Sci-Fi,Premium,7,1,,,2
F7288,24,14.43,Sci-Fi,VIP,2,1,,,2
F7537,60,15.39,Drama,VIP,0,0,,,1
F7597,20,19.47,Sci-Fi,Premium,3,1,,,1
F7654,41,10.79,Sci-Fi,VIP,7,0,,,2
F7940,19,10.41,Drama,Standard,0,1,,,1
F8157,39,16.69,Action,Standard,3,0,,,0
F8301,41,16.63,Comedy,Premium,0,1,,,0
F8549,47,21.93,Comedy,Premium,2,0,,,2
F8933,30,15.86,Sci-Fi,VIP,0,0,,,2
F9240,56,23.11,Horror,Premium,0,1,,,1
F9649,60,23.15,Action,Premium,6,0,,,2
F9671,41,12.33,Action,Standard,3,0,,,2
F9676,33,14.95,Sci-Fi,Premium,0,1,,,0
G0405,55,13.63,Horror,VIP,0,1,,,2
G0559,30,13.38,Sci-Fi,Standard,2,1,,,1
G1121,18,11.88,Comedy,Premium,0,1,,,0
G1300,53,21.91,Drama,Premium,0,1,,,2
G1349,42,17.28,Horror,Premium,6,1,,,2
G1663,33,12.71,Horror,Premium,0,1,,,2
G1778,57,20.45,Comedy,VIP,7,0,,,2
G1928,31,21.60,Drama,Premium,4,1,,,1
G2005,29,21.27,Horror,Premium,2,0,,,2
G2170,50,10.04,Action,VIP,0,0,,,2
G2177,32,11.74,Sci-Fi,Premium,0,0,,,1
G2229,44,20.73,Action,VIP,0,1,,,2
G2856,18,19.47,Drama,Premium,0,0,,,1
G3002,45,22.28,Sci-Fi,Standard,5,0,,,2
G3133,26,14.04,Drama,Standard,5,0,,,0
G3422,33,16.85,Horror,Premium,2,0,,,0
G3600,55,21.55,Comedy,Standard,0,0,,,2
G3617,58,11.94,Horror,Premium,3,0,,,0
G3626,36,22.20,Sci-Fi,Premium,0,0,,,2
G3831,46,16.14,Horror,Premium,7,0,,,2
G3963,32,18.98,Comedy,VIP,0,0,,,2
G4176,36,18.67,Comedy,Premium,0,1,,,1
G4351,22,17.75,Action,VIP,5,0,,,2
G4364,43,21.82,Horror,Standard,0,1,,,1
G4404,38,12.12,Comedy,VIP,4,0,,,0
G4467,32,10.53,Drama,Standard,5,1,,,1
G4508,34,14.67,Drama,Standard,0,1,,,0
G4519,34,19.90,Comedy,Premium,0,1,,,0
G4541,51,16.98,Comedy,Premium,3,0,,,2
G4586,53,10.42,Horror,Standard,0,0,,,2
G4707,27,14.31,Drama,Premium,7,1,,,0
G4760,35,23.90,Drama,VIP,4,1,,,2
G5055,47,17.00,Action,Premium,6,0,,,1
G5084,60,10.33,Horror,Premium,0,1,,,2
G5089,42,23.00,Action,Standard,0,0,,,2
G5344,53,16.59,Comedy,Standard,0,0,,,0
G5366,49,23.04,Horror,VIP,7,0,,,0
G5641,52,11.95,Action,Premium,4,1,,,1
G5657,27,18.76,Comedy,VIP,0,0,,,2
G5771,37,21.52,Action,Premium,0,1,,,1
G5822,42,11.49,Drama,Standard,3,0,,,2
G5914,25,10.92,Horror,Standard,0,1,,,0
G6769,44,22.98,Action,Premium,0,0,,,0
G6931,34,15.52,Action,Standard,0,0,,,2
G7166,47,11.31,Action,Premium,0,0,,,0
G7283,23,10.71,Comedy,Standard,0,0,,,2
G7315,59,17.78,Comedy,VIP,2,1,,,0
G7472,38,21.31,Action,Premium,2,0,,,1
G7855,53,19.78,Drama,Standard,3,0,,,2
G7971,28,24.26,Drama,Premium,7,1,,,0
G8002,42,19.11,Comedy,VIP,2,0,,,2
G8325,59,20.12,Horror,Premium,0,0,,,1
G8621,25,13.72,Comedy,Premium,0,1,,,2
G8758,42,20.21,Drama,Standard,0,0,,,2
G8812,43,11.85,Horror,Premium,2,0,,,0
G9153,20,12.99,Comedy,Premium,4,0,,,2
G9299,30,10.27,Comedy,VIP,5,0,,,2
G9346,47,10.98,Drama,Premium,4,1,,,1
G9465,35,14.60,Sci-Fi,Standard,5,0,,,2
G9545,40,23.56,Action,VIP,6,0,,,0
G9552,60,13.82,Horror,Standard,7,1,,,1
G9610,53,21.16,Drama,Premium,0,1,,,0
G9726,27,22.71,Horror,Standard,0,1,,,2
G9843,20,13.31,Action,Standard,2,1,,,0
G9872,19,13.82,Drama,VIP,2,1,,,0
G9983,23,24.35,Comedy,VIP,0,1,,,1
H0290,38,12.81,Action,Standard,6,0,,,1
H0386,40,14.48,Comedy,VIP,0,1,,,0
H0595,40,19.49,Comedy,VIP,0,0,,,1
H0766,36,19.30,Action,Standard,0,0,,,1
H0854,18,14.63,Sci-Fi,Premium,0,0,,,0
H0893,54,23.89,Action,Premium,0,1,,,2
H0907,57,15.86,Horror,VIP,0,0,,,2
H1404,38,11.01,Drama,VIP,0,1,,,1
H1744,56,16.03,Drama,Standard,0,1,,,1
H1831,25,23.07,Action,Premium,3,1,,,0
H1936,48,21.06,Comedy,VIP,6,0,,,2
H1997,58,20.96,Horror,VIP,4,1,,,1
H2053,32,13.14,Comedy,VIP,0,0,,,1
H2248,32,10.09,Sci-Fi,VIP,0,0,,,1
H2276,59,10.21,Action,Standard,5,1,,,1
H2552,23,11.21,Comedy,Premium,0,0,,,0
H2558,48,14.32,Horror,Standard,5,1,,,2
H2641,35,14.31,Horror,VIP,0,0,,,0
H3119,50,10.81,Action,Standard,0,1,,,1
H3200,58,23.29,Horror,VIP,0,0,,,0
H3429,52,17.31,Action,VIP,0,1,,,1
H3432,40,12.50,Sci-Fi,Premium,7,1,,,1
H3475,49,11.54,Horror,VIP,6,1,,,2
H3589,34,21.44,Sci-Fi,Premium,3,1,,,1
H3987,41,22.74,Horror,Standard,0,0,,,2
H4037,58,13.58,Action,VIP,5,1,,,0
H4048,51,21.35,Action,Standard,2,1,,,1
H4073,51,24.90,Comedy,Premium,4,1,,,0
H4173,29,18.99,Horror,Standard,6,0,,,2
H4515,54,14.83,Action,Premium,5,1,,,0
H4556,37,12.87,Action,VIP,0,1,,,2
H4754,45,10.18,Sci-Fi,Standard,7,0,,,1
H5569,43,17.08,Drama,Standard,5,1,,,0
H5571,42,24.61,Horror,VIP,6,0,,,0
H5782,30,18.64,Horror,Standard,7,1,,,1
H6205,32,18.08,Horror,Standard,2,1,,,0
H6371,27,18.77,Horror,VIP,5,1,,,0
H6999,48,24.02,Comedy,VIP,0,0,,,1
H7279,42,13.34,Comedy,VIP,6,1,,,1
H7385,43,21.81,Drama,VIP,0,1,,,1
H7411,40,18.40,Comedy,Premium,0,0,,,1
H7914,39,23.00,Sci-Fi,Standard,0,0,,,2
H7974,38,10.68,Action,Premium,0,1,,,0
H8074,25,13.04,Drama,Premium,0,0,,,2
H8110,56,10.86,Horror,Premium,0,1,,,2
H8272,21,15.71,Sci-Fi,VIP,0,0,,,2
H8293,38,24.63,Horror,Premium,6,0,,,1
H8426,43,20.67,Drama,Premium,6,0,,,2
H8721,42,24.74,Drama,Premium,7,0,,,2
H8796,47,12.38,Action,Standard,0,0,,,2
H9020,42,12.35,Drama,Standard,4,0,,,0
H9115,60,19.91,Horror,VIP,5,0,,,0
H9188,53,14.84,Drama,Premium,6,0,,,1
H9718,38,13.73,Sci-Fi,Standard,3,1,,,2
H9793,59,20.67,Sci-Fi,Standard,2,0,,,0
H9796,56,10.15,Sci-Fi,VIP,5,0,,,0
H9993,34,16.12,Drama,Premium,0,0,,,1
I0125,33,19.14,Sci-Fi,Standard,0,1,,,2
I0247,36,15.99,Comedy,Standard,7,0,,,0
I0300,38,11.77,Action,VIP,0,1,,,0
I0309,53,15.82,Comedy,VIP,0,0,,,1
I0518,27,21.10,Drama,Premium,6,1,,,1
I0732,53,12.60,Drama,VIP,7,1,,,2
I0739,52,14.37,Drama,Premium,0,1,,,1
I1201,56,18.30,Drama,VIP,0,1,,,2
I1245,38,20.15,Action,Standard,7,0,,,1
I1285,20,22.95,Horror,Premium,3,0,,,0
I1329,35,16.89,Horror,Premium,6,1,,,2
I1671,56,13.09,Drama,Standard,4,1,,,2
I1692,22,20.38,Drama,Premium,6,0,,,0
I1871,53,11.21,Horror,VIP,0,0,,,2
I2310,52,11.91,Sci-Fi,VIP,0,0,,,1
I2389,41,17.32,Comedy,Premium,3,1,,,1
I2406,26,23.14,Sci-Fi,Standard,0,0,,,2
I2507,52,21.83,Sci-Fi,Premium,3,1,,,0
I2649,41,23.37,Comedy,VIP,0,0,,,2
I2711,39,12.88,Horror,VIP,3,1,,,1
I2866,49,12.44,Drama,VIP,4,0,,,1
I3546,49,21.91,Horror,Premium,5,0,,,1
I3647,33,24.05,Action,Standard,4,1,,,2
I3814,46,10.45,Action,Premium,0,1,,,0
I4034,30,21.81,Comedy,VIP,4,1,,,2
I4060,38,15.37,Drama,VIP,0,0,,,1
I4065,37,24.07,Drama,Standard,6,0,,,1
I4283,51,19.66,Comedy,Premium,0,0,,,0
I4912,54,20.89,Drama,Standard,3,0,,,2
I5016,54,17.60,Action,VIP,3,1,,,0
I5327,54,21.49,Sci-Fi,Standard,7,1,,,1
I5706,22,20.66,Sci-Fi,Standard,0,1,,,0
I5901,58,20.08,Comedy,Premium,0,0,,,0
I6253,38,24.92,Horror,Premium,0,1,,,2
I6271,53,14.99,Drama,VIP,0,0,,,2
I6287,37,12.31,Action,Premium,0,1,,,1
I6311,31,12.79,Horror,Standard,0,1,,,2
I6312,43,15.63,Drama,Premium,4,0,,,0
I6505,30,18.39,Comedy,VIP,0,0,,,2
I6521,18,17.08,Sci-Fi,VIP,0,1,,,1
I6591,49,18.50,Comedy,VIP,7,0,,,1
I6652,57,10.41,Drama,VIP,0,0,,,1
I7347,28,15.39,Action,Standard,0,0,,,1
I7517,22,21.53,Drama,Standard,0,0,,,0
I8049,35,21.49,Horror,VIP,2,1,,,0
I8223,52,16.67,Horror,Standard,4,1,,,1
I8324,45,13.52,Drama,VIP,2,0,,,0
I8470,53,23.50,Action,VIP,0,0,,,1
I8504,25,16.84,Sci-Fi,VIP,0,0,,,1
I8573,38,15.87,Action,Standard,0,1,,,1
I8624,27,18.85,Comedy,VIP,6,0,,,0
I9302,49,15.21,Horror,Premium,0,1,,,1
I9463,30,23.86,Comedy,VIP,0,0,,,2
I9728,29,24.77,Action,Standard,7,1,,,1
I9740,54,24.16,Sci-Fi,Premium,3,1,,,0
I9952,18,20.51,Horror,Standard,5,1,,,2
I9961,44,16.54,Action,Premium,3,0,,,0
J0449,41,22.48,Sci-Fi,Standard,0,0,,,2
J0515,32,17.33,Sci-Fi,Premium,0,0,,,0
J0828,34,19.26,Action,Premium,0,1,,,2
J0855,54,11.59,Sci-Fi,VIP,6,0,,,2
J1499,22,22.22,Drama,Standard,5,0,,,1
J1556,33,11.80,Drama,Premium,4,1,,,0
J1563,23,18.21,Horror,Premium,4,0,,,2
J1703,55,23.26,Horror,Premium,0,1,,,2
J1949,35,23.43,Action,VIP,0,0,,,2
J2459,31,18.82,Sci-Fi,VIP,6,0,,,1
J2965,60,13.06,Action,Premium,0,1,,,1
J3002,60,19.66,Horror,Standard,0,1,,,2
J3585,36,23.45,Comedy,VIP,0,1,,,0
J3637,44,19.83,Horror,VIP,6,1,,,1
J3810,29,21.42,Sci-Fi,VIP,0,0,,,1
J3856,29,18.41,Horror,Premium,3,1,,,1
J3938,22,10.31,Action,Premium,5,0,,,2
J4048,51,17.26,Comedy,VIP,5,1,,,2
J4301,32,22.88,Sci-Fi,Standard,5,0,,,1
J4439,60,15.69,Action,VIP,0,0,,,0
J4530,24,18.72,Action,VIP,6,1,,,1
J4658,35,23.45,Comedy,Standard,0,1,,,1
J4860,52,14.05,Comedy,Standard,3,0,,,0
J4976,58,16.21,Action,Standard,3,0,,,0
J4979,32,23.62,Sci-Fi,VIP,4,1,,,0
J5224,45,13.91,Horror,Premium,0,0,,,1
J5246,47,19.38,Action,VIP,0,1,,,2
J5739,23,18.28,Sci-Fi,Premium,0,0,,,1
J5824,57,13.62,Action,Premium,3,0,,,2
J6015,46,23.81,Action,Standard,0,1,,,2
J6626,55,11.14,Action,VIP,0,1,,,0
J6656,54,14.64,Comedy,VIP,0,1,,,1
J6767,54,24.26,Horror,VIP,0,1,,,1
J6862,60,19.09,Comedy,VIP,0,1,,,1
J6878,37,24.17,Action,VIP,0,0,,,1
J7159,57,16.43,Horror,Standard,0,1,,,1
J7406,53,13.06,Comedy,Standard,4,1,,,0
J8057,23,21.48,Drama,Premium,5,1,,,0
J8101,54,15.91,Sci-Fi,Premium,0,0,,,2
J8443,52,13.90,Action,VIP,0,1,,,2
J8589,23,12.04,Drama,VIP,7,0,,,1
J8663,29,24.21,Comedy,VIP,4,0,,,1
J9064,27,21.88,Drama,Standard,3,1,,,1
K0082,20,17.29,Horror,VIP,0,0,,,0
K0251,31,23.82,Comedy,Standard,0,0,,,1
K0842,40,14.08,Drama,VIP,5,0,,,0
K1022,54,19.14,Horror,Premium,0,0,,,1
K1161,31,10.50,Action,Premium,0,1,,,2
K1779,30,21.52,Comedy,VIP,0,0,,,2
K1926,23,14.43,Comedy,Premium,2,1,,,1
K1979,59,21.20,Comedy,VIP,4,1,,,2
K1997,28,20.20,Horror,VIP,6,1,,,1
K2108,23,22.37,Action,Premium,0,1,,,1
K2212,34,23.48,Drama,VIP,7,1,,,2
K2667,45,18.95,Comedy,VIP,3,0,,,1
K2997,24,10.20,Comedy,Standard,4,1,,,1
K3640,34,14.95,Horror,Standard,0,0,,,0
K3643,32,10.22,Action,VIP,6,1,,,0
K3727,30,18.35,Comedy,VIP,7,1,,,1
K3788,33,12.79,Horror,Standard,0,1,,,1
K4001,42,24.01,Horror,VIP,0,1,,,0
K4229,38,14.39,Action,VIP,4,0,,,1
K4309,57,10.86,Action,Premium,0,0,,,1
K4317,45,15.68,Action,Premium,0,1,,,2
K4381,32,21.16,Action,Standard,7,1,,,2
K4864,42,14.22,Sci-Fi,Standard,7,0,,,0
K4923,20,24.05,Drama,Premium,2,0,,,0
K5294,47,12.39,Sci-Fi,Standard,0,1,,,2
K5848,41,16.75,Drama,VIP,0,0,,,0
K5901,41,22.33,Action,VIP,0,0,,,1
K5903,58,12.34,Horror,VIP,0,0,,,1
K6175,36,18.00,Horror,VIP,4,0,,,1
K6220,42,11.81,Comedy,Standard,0,1,,,1
K6350,31,17.56,Comedy,Standard,0,0,,,0
K6968,30,22.15,Comedy,VIP,0,1,,,0
K7409,36,21.89,Drama,Standard,0,0,,,1
K7435,40,13.93,Drama,VIP,5,1,,,0
K7545,57,10.22,Drama,Premium,0,1,,,1
K7716,47,20.16,Sci-Fi,VIP,7,0,,,2
K7735,27,22.68,Horror,VIP,0,0,,,1
K8095,52,21.43,Horror,Premium,0,0,,,1
K8116,36,16.39,Comedy,Standard,4,1,,,2
K8175,51,14.43,Drama,Premium,3,0,,,0
K8305,19,23.87,Horror,Standard,7,1,,,2
K8372,48,12.08,Comedy,VIP,3,1,,,0
K8826,25,23.68,Drama,Premium,3,0,,,1
K9302,39,15.75,Sci-Fi,VIP,0,0,,,2
K9692,26,19.62,Drama,Premium,0,0,,,1
K9734,46,24.87,Sci-Fi,Premium,0,1,,,2
K9919,21,21.80,Action,VIP,0,1,,,2
L0007,55,19.76,Sci-Fi,VIP,0,1,,,1
L0126,54,24.88,Sci-Fi,Standard,0,1,,,1
L0167,31,22.92,Drama,Premium,0,1,,,0
L0206,52,18.81,Action,VIP,2,0,,,2
L0222,24,21.78,Drama,Premium,3,1,,,1
L0268,30,23.26,Drama,Premium,0,1,,,2
L0572,57,16.00,Sci-Fi,Standard,5,1,,,2
L0702,55,22.77,Action,Standard,6,0,,,0
L0821,36,13.41,Horror,Premium,0,1,,,0
L0905,50,23.19,Horror,Standard,3,1,,,2
L1185,31,17.70,Horror,Premium,0,1,,,0
L1625,26,23.39,Drama,Premium,0,0,,,2
L1683,33,18.72,Sci-Fi,Standard,0,0,,,2
L1895,60,21.40,Comedy,Standard,0,1,,,0
L1983,29,13.11,Sci-Fi,Standard,6,0,,,0
L2256,24,20.24,Sci-Fi,VIP,5,0,,,0
L2296,24,19.83,Action,Premium,0,0,,,1
L2393,57,15.22,Horror,Standard,2,1,,,2
L2439,23,22.33,Comedy,Premium,0,1,,,0
L2502,50,15.23,Action,Premium,3,0,,,2
L2663,56,14.06,Comedy,VIP,0,0,,,2
L2802,20,17.77,Sci-Fi,VIP,4,0,,,1
L2917,45,14.98,Comedy,Premium,5,0,,,1
L3183,52,17.91,Sci-Fi,VIP,0,0,,,2
L3265,36,24.90,Drama,VIP,0,1,,,1
L3353,22,15.46,Drama,VIP,0,1,,,1
L3487,27,11.99,Horror,Standard,4,1,,,1
L3648,44,10.65,Action,VIP,5,1,,,0
L3931,47,15.59,Action,Premium,5,1,,,1
L4163,23,19.80,Horror,Standard,7,1,,,2
L4232,38,21.70,Comedy,VIP,2,1,,,0
L4400,39,10.07,Comedy,Standard,7,0,,,1
L4461,57,16.33,Drama,VIP,0,1,,,0
L4821,50,18.27,Action,Premium,5,1,,,1
L4936,28,14.96,Drama,VIP,6,1,,,2
L5134,37,17.86,Comedy,Standard,0,0,,,1
L5263,26,21.27,Sci-Fi,VIP,0,0,,,0
L5541,20,14.97,Sci-Fi,Standard,2,0,,,1
L5567,45,22.54,Sci-Fi,Standard,5,0,,,0
L6043,36,16.11,Comedy,Standard,2,1,,,0
L6276,22,17.66,Drama,VIP,6,1,,,0
L6403,21,12.81,Sci-Fi,Standard,7,0,,,1
L6719,35,22.26,Horror,VIP,5,1,,,0
L6833,48,14.12,Horror,Premium,0,1,,,1
L7500,43,21.60,Comedy,Standard,0,0,,,2
L7656,41,16.66,Sci-Fi,Standard,6,0,,,0
L7684,41,22.20,Sci-Fi,Premium,3,0,,,0
L7692,46,24.35,Horror,VIP,6,1,,,2
L7697,38,13.29,Horror,Standard,7,1,,,1
L8089,24,15.27,Comedy,VIP,7,1,,,0
L8241,59,11.33,Drama,VIP,6,1,,,1
L8279,55,16.98,Horror,Premium,4,1,,,1
L8764,39,11.14,Horror,Standard,0,1,,,2
L8908,20,22.32,Comedy,VIP,5,0,,,0
L8979,20,20.94,Horror,Premium,0,0,,,1
L9146,21,19.62,Action,VIP,0,1,,,2
L9477,60,11.91,Comedy,VIP,5,1,,,1
L9634,35,18.73,Action,Premium,0,1,,,1
M0037,22,11.39,Comedy,VIP,0,1,,,2
M0786,27,11.70,Action,Standard,0,0,,,1
M1015,30,12.59,Comedy,VIP,2,0,,,0
M1047,21,13.69,Action,Premium,6,0,,,1
M1442,59,10.69,Action,Standard,6,0,,,2
M1539,42,21.16,Drama,VIP,5,1,,,0
M1624,18,11.23,Drama,Premium,0,0,,,1
M1901,40,19.75,Sci-Fi,Premium,7,1,,,2
M2131,42,23.22,Drama,VIP,0,0,,,2
M2148,41,16.68,Action,Standard,0,1,,,1
M2223,33,11.14,Drama,Premium,2,0,,,0
M2613,50,13.49,Comedy,Standard,6,1,,,2
M2787,42,11.10,Horror,Premium,0,0,,,0
M3087,43,15.92,Sci-Fi,VIP,3,0,,,2
M3362,58,22.11,Comedy,VIP,4,0,,,1
M3443,51,24.19,Action,Standard,0,1,,,1
M3668,27,21.42,Sci-Fi,VIP,0,1,,,0
M3870,51,14.63,Action,Premium,7,1,,,1
M3907,18,10.60,Comedy,Standard,0,0,,,2
M3910,50,12.67,Action,Premium,2,1,,,0
M4228,18,14.60,Action,VIP,0,0,,,2
M4230,57,12.83,Sci-Fi,Premium,0,0,,,1
M4257,59,24.23,Horror,Standard,0,0,,,2
M4304,39,15.54,Action,VIP,5,0,,,0
M4546,53,20.01,Sci-Fi,Standard,0,1,,,1
M4743,57,11.68,Drama,Standard,0,1,,,0
M4762,44,16.37,Drama,Premium,0,0,,,0
M4803,37,16.45,Drama,VIP,0,0,,,2
M4894,55,17.73,Comedy,Premium,0,1,,,1
M4995,23,18.05,Sci-Fi,VIP,6,1,,,2
M5068,30,21.59,Drama,Premium,6,0,,,1
M5460,33,10.17,Sci-Fi,Premium,4,0,,,2
M5646,43,14.09,Action,Premium,7,1,,,2
M6402,60,10.40,Comedy,Standard,4,0,,,2
M6720,22,22.29,Sci-Fi,Premium,0,1,,,0
M6833,60,16.83,Drama,Standard,4,1,,,2
M6955,50,19.67,Horror,Standard,0,0,,,0
M7144,47,16.37,Horror,Premium,0,1,,,0
M7187,50,14.78,Drama,VIP,4,0,,,2
M7391,59,17.76,Action,Premium,0,0,,,1
M7393,35,22.85,Comedy,Premium,0,1,,,2
M7521,25,14.44,Sci-Fi,Standard,5,1,,,2
M7876,54,21.26,Drama,Standard,0,0,,,0
M8224,30,16.39,Comedy,Premium,3,1,,,0
M8243,58,21.89,Comedy,Standard,3,0,,,2
M8590,37,10.04,Action,Standard,0,0,,,0
M8884,29,11.34,Sci-Fi,Standard,2,1,,,0
M9022,46,20.13,Comedy,Standard,0,1,,,0
M9044,34,24.17,Action,Premium,6,1,,,0
M9099,40,13.20,Action,VIP,2,0,,,2
M9147,40,18.23,Action,Standard,6,1,,,1
M9202,41,20.28,Horror,Standard,0,0,,,0
M9231,33,12.53,Horror,Standard,4,0,,,0
M9282,37,16.97,Drama,Standard,0,1,,,0
M9467,49,15.92,Drama,Standard,7,1,,,0
M9619,23,10.01,Action,Premium,4,1,,,0
M9663,27,22.60,Horror,Premium,6,0,,,2
M9668,32,13.10,Drama,Standard,2,1,,,2
M9673,22,21.73,Sci-Fi,VIP,2,1,,,0
M9692,18,10.38,Drama,Standard,7,0,,,1
M9760,35,16.01,Drama,Standard,6,1,,,0
M9787,46,14.97,Horror,Standard,0,0,,,0
M9809,39,24.65,Sci-Fi,Standard,5,0,,,0
M9916,39,14.40,Drama,VIP,2,1,,,0
N0035,53,13.09,Horror,VIP,2,1,,,1
N0170,28,10.62,Drama,Premium,5,1,,,1
N0333,56,20.64,Sci-Fi,VIP,0,1,,,2
N1065,60,17.53,Sci-Fi,VIP,0,0,,,1
N1330,51,17.67,Horror,Premium,6,0,,,1
N1362,24,21.07,Action,Standard,0,0,,,2
N1442,39,11.21,Comedy,VIP,0,0,,,0
N1656,25,12.54,Sci-Fi,Premium,0,0,,,1
N1839,22,21.01,Action,VIP,7,1,,,2
N2120,50,13.63,Horror,VIP,0,0,,,1
N2364,25,13.05,Action,VIP,6,0,,,1
N2433,23,20.94,Drama,VIP,6,0,,,1
N2552,43,20.60,Sci-Fi,Standard,3,1,,,1
N2899,33,14.97,Horror,Premium,0,1,,,0
N2970,42,16.90,Sci-Fi,Standard,0,0,,,2
N3258,54,17.27,Horror,Premium,4,0,,,0
N3378,21,12.84,Action,Premium,6,0,,,2
N3988,42,18.03,Drama,Premium,2,0,,,2
N4274,52,22.39,Comedy,VIP,0,0,,,2
N4369,51,16.05,Comedy,Standard,4,1,,,1
N4655,55,12.27,Comedy,Standard,7,0,,,0
N4818,59,19.89,Action,VIP,5,0,,,0
N4849,49,23.83,Drama,VIP,7,0,,,1
N4903,23,14.53,Sci-Fi,Premium,0,0,,,1
N4930,55,11.33,Sci-Fi,Premium,3,0,,,2
N4941,20,16.96,Horror,Standard,4,1,,,2
N5074,58,14.30,Horror,Standard,0,1,,,0
N5089,29,23.93,Sci-Fi,VIP,0,1,,,0
N5266,41,22.05,Horror,Standard,5,0,,,1
N5378,48,14.04,Drama,VIP,6,0,,,0
N5512,58,13.01,Sci-Fi,VIP,0,1,,,1
N5669,36,12.07,Action,Premium,4,0,,,1
N6061,39,12.40,Comedy,VIP,4,0,,,2
N6099,24,16.15,Action,Premium,5,1,,,1
N6210,30,20.13,Comedy,VIP,5,1,,,2
N6284,33,11.42,Drama,VIP,3,0,,,1
N6649,53,16.47,Drama,VIP,0,1,,,1
N6776,19,13.64,Horror,VIP,0,1,,,1
N7141,51,13.63,Drama,Premium,6,0,,,1
N7144,54,19.01,Horror,VIP,2,1,,,2
N7617,26,13.46,Drama,Standard,7,1,,,1
N7743,47,17.49,Action,VIP,0,1,,,0
N8303,38,24.21,Sci-Fi,Standard,0,1,,,1
N9075,56,10.08,Action,Standard,2,1,,,0
N9701,27,18.31,Action,Premium,0,1,,,0
N9718,26,19.34,Action,VIP,0,1,,,2
N9811,48,14.02,Horror,VIP,0,1,,,1
N9830,19,12.91,Sci-Fi,Premium,0,0,,,1
O0705,44,14.90,Horror,Premium,0,1,,,2
O1319,41,24.44,Drama,VIP,0,0,,,2
O2106,45,23.03,Sci-Fi,Premium,0,0,,,1
O2168,58,18.95,Drama,VIP,6,0,,,2
O2241,24,11.71,Sci-Fi,VIP,0,0,,,1
O2404,30,14.04,Comedy,Standard,3,1,,,1
O2405,58,22.83,Action,Premium,0,1,,,0
O2464,29,20.26,Sci-Fi,Premium,2,0,,,2
O2503,51,11.10,Sci-Fi,Standard,5,1,,,2
O2737,26,24.19,Comedy,Standard,0,1,,,0
O2807,55,11.97,Comedy,VIP,6,0,,,0
O2974,53,23.59,Horror,VIP,6,1,,,1
O3044,53,24.68,Horror,Premium,0,0,,,1
O3164,18,12.04,Action,Standard,6,1,,,2
O3931,50,11.26,Comedy,VIP,0,1,,,0
O4248,20,17.06,Sci-Fi,Standard,0,1,,,1
O4424,23,23.16,Action,VIP,0,0,,,0
O4468,29,11.22,Horror,VIP,4,1,,,1
O4626,39,10.45,Drama,VIP,6,1,,,1
O4791,47,11.55,Sci-Fi,Standard,5,1,,,1
O4860,30,18.51,Horror,VIP,0,1,,,0
O4918,30,23.23,Action,VIP,0,1,,,1
O5114,25,18.81,Horror,VIP,4,0,,,1
O5296,54,21.88,Comedy,Premium,2,1,,,1
O5299,47,21.68,Sci-Fi,Standard,0,1,,,2
O5505,29,17.19,Sci-Fi,Premium,7,1,,,0
O5757,46,18.45,Drama,Standard,5,1,,,2
O6096,57,11.90,Comedy,Standard,0,1,,,0
O6210,41,17.78,Action,Standard,0,1,,,0
O6264,32,22.32,Horror,Premium,2,1,,,0
O6286,60,11.58,Drama,VIP,7,1,,,2
O6315,29,14.40,Drama,Standard,0,0,,,1
O6340,29,23.39,Drama,Standard,4,0,,,0
O6443,32,11.61,Comedy,Premium,0,0,,,0
O6512,35,16.33,Horror,Standard,7,1,,,2
O6843,32,13.10,Sci-Fi,Premium,7,0,,,0
O7387,20,14.57,Drama,Standard,0,1,,,2
O7406,59,22.19,Horror,Standard,6,0,,,0
O7429,31,13.91,Comedy,Premium,0,1,,,0
O7454,43,12.51,Drama,VIP,3,0,,,2
O7505,52,16.34,Comedy,Premium,0,1,,,1
O7771,51,13.97,Drama,Standard,0,1,,,2
O7784,31,14.19,Drama,Premium,0,0,,,0
O7808,36,11.09,Action,Premium,6,0,,,2
O7821,30,13.99,Action,Premium,0,0,,,2
O7834,26,10.03,Sci-Fi,VIP,0,1,,,2
O7835,42,17.22,Horror,VIP,5,0,,,1
O7894,32,20.84,Horror,Premium,2,0,,,1
O8372,42,24.47,Drama,Premium,0,0,,,2
O8419,18,16.55,Action,Standard,7,1,,,2
O8682,36,23.99,Sci-Fi,VIP,0,0,,,0
O8866,46,16.96,Comedy,Premium,2,1,,,1
O8966,38,24.76,Drama,VIP,0,0,,,2
O9124,23,18.70,Action,VIP,6,1,,,1
O9429,58,20.57,Comedy,Standard,3,1,,,1
O9543,40,13.98,Comedy,Standard,0,0,,,0
O9795,60,17.80,Comedy,Standard,0,0,,,0
O9880,53,14.60,Sci-Fi,Standard,3,0,,,0
O9883,41,24.60,Action,VIP,4,0,,,0
P0092,60,11.64,Comedy,VIP,5,1,,,1
P0306,35,11.71,Action,Premium,0,0,,,1
P0379,48,19.63,Action,VIP,0,1,,,2
P0445,31,17.46,Sci-Fi,Premium,0,1,,,1
P0451,33,19.94,Comedy,VIP,3,0,,,2
P0690,18,10.42,Comedy,VIP,0,0,,,1
P0882,47,18.13,Horror,Premium,0,1,,,1
P0917,25,17.80,Action,VIP,0,0,,,2
P1057,21,15.79,Comedy,Premium,7,1,,,1
P1526,19,20.79,Comedy,Standard,4,1,,,2
P1578,60,12.52,Horror,VIP,0,1,,,0
P1627,50,22.91,Action,Standard,0,1,,,1
P1716,26,11.22,Action,Standard,0,1,,,0
P1743,21,20.80,Comedy,Standard,3,1,,,0
P1758,60,10.83,Drama,Standard,0,1,,,0
P1867,20,17.09,Sci-Fi,VIP,0,1,,,0
P1884,28,24.30,Comedy,VIP,7,0,,,1
P1899,51,20.95,Horror,Standard,5,0,,,1
P1932,34,19.28,Action,Standard,2,1,,,0
P1972,52,22.00,Sci-Fi,Standard,0,0,,,0
P2342,24,23.84,Drama,Standard,3,1,,,0
P2389,28,13.99,Horror,VIP,6,1,,,0
P2426,38,17.64,Sci-Fi,Standard,3,0,,,1
P2457,26,22.97,Sci-Fi,VIP,5,1,,,0
P2752,23,23.26,Drama,Premium,2,0,,,1
P2977,23,20.45,Action,Standard,0,0,,,2
P3569,49,12.60,Comedy,Premium,0,1,,,0
P3703,60,19.87,Sci-Fi,VIP,5,0,,,2
P3925,38,10.26,Horror,Standard,0,0,,,1
P3981,22,18.34,Drama,Premium,0,0,,,0
P4007,45,10.94,Action,Standard,2,1,,,2
P4039,25,10.61,Comedy,Premium,0,0,,,0
P4219,47,23.12,Action,Premium,6,0,,,2
P4369,27,17.27,Drama,Standard,0,1,,,2
P4816,24,13.15,Drama,VIP,2,1,,,0
P4854,41,10.13,Horror,VIP,4,0,,,1
P4882,32,19.23,Drama,Premium,2,0,,,1
P4991,41,12.47,Comedy,Premium,7,1,,,2
P5015,22,14.54,Comedy,Standard,5,1,,,2
P5481,40,16.75,Horror,VIP,6,0,,,0
P5536,57,21.95,Action,Standard,0,1,,,1
P5929,25,10.61,Action,Premium,4,0,,,0
P6033,22,10.43,Drama,Standard,6,1,,,2
P6373,42,19.87,Action,VIP,0,0,,,0
P6431,25,13.24,Comedy,Standard,7,0,,,1
P6483,52,22.84,Horror,Standard,7,1,,,0
P6835,54,22.27,Sci-Fi,Standard,0,1,,,0
P6849,32,19.86,Horror,VIP,0,1,,,0
P6869,51,18.03,Comedy,Standard,0,0,,,1
P6902,44,22.00,Comedy,Premium,7,0,,,0
P6904,28,16.84,Action,Premium,0,0,,,2
P6917,50,13.53,Action,Standard,3,1,,,2
P6993,58,21.44,Action,Standard,7,0,,,0
P7000,42,10.12,Comedy,VIP,6,0,,,0
P7041,37,15.67,Drama,Premium,0,1,,,1
P7270,50,20.66,Drama,VIP,0,1,,,2
P7848,47,23.99,Comedy,Premium,2,0,,,1
P8221,37,20.66,Horror,Premium,0,1,,,2
P8419,28,17.13,Drama,Premium,0,1,,,2
P8545,41,16.08,Action,Premium,2,0,,,2
P8819,57,24.90,Drama,Standard,2,0,,,2
P9246,47,14.69,Drama,Premium,6,1,,,0
P9632,43,22.17,Sci-Fi,Premium,0,1,,,2
P9720,34,24.65,Action,VIP,0,1,,,2
P9796,54,16.25,Comedy,Premium,0,1,,,1
P9848,22,11.10,Sci-Fi,Premium,2,0,,,2
Q0412,43,10.91,Action,Standard,0,1,,,2
Q0936,32,18.00,Horror,Standard,0,0,,,0
Q1018,24,13.01,Action,VIP,4,1,,,0
Q1064,52,14.20,Comedy,Standard,0,0,,,1
Q1140,30,15.47,Action,Premium,4,1,,,0
Q1228,49,11.74,Action,Premium,7,1,,,2
Q1502,18,19.33,Horror,VIP,4,1,,,2
Q1525,39,22.14,Action,VIP,0,1,,,1
Q1565,24,18.83,Horror,Premium,6,1,,,1
Q1582,22,14.95,Sci-Fi,VIP,5,0,,,2
Q2062,57,22.52,Sci-Fi,Standard,4,1,,,1
Q2128,35,19.10,Horror,Premium,0,0,,,0
Q2283,26,11.20,Sci-Fi,Premium,4,0,,,2
Q2504,18,15.89,Comedy,VIP,6,0,,,2
Q2909,55,18.77,Comedy,VIP,7,0,,,1
Q2976,57,24.13,Action,Premium,5,1,,,1
Q3075,22,16.49,Comedy,Standard,7,0,,,2
Q3717,56,22.59,Comedy,VIP,7,0,,,0
Q3755,32,23.57,Drama,VIP,0,0,,,1
Q3782,23,15.80,Sci-Fi,VIP,0,0,,,1
Q3821,41,16.33,Horror,VIP,5,1,,,1
Q3956,20,20.16,Action,VIP,0,1,,,1
Q4426,27,11.38,Action,Premium,0,1,,,1
Q4486,58,21.66,Sci-Fi,Standard,0,0,,,2
Q4561,24,13.69,Drama,Premium,0,1,,,0
Q4641,49,16.19,Horror,Standard,4,1,,,2
Q4649,27,17.76,Comedy,Standard,3,0,,,0
Q4942,47,18.01,Horror,VIP,6,0,,,0
Q5203,19,10.03,Comedy,Premium,2,0,,,1
Q5260,24,17.02,Sci-Fi,VIP,0,0,,,2
Q5817,36,20.68,Sci-Fi,VIP,0,1,,,1
Q5838,54,23.70,Horror,Premium,6,0,,,1
Q5846,26,18.63,Sci-Fi,VIP,7,0,,,2
Q6051,54,16.40,Drama,Premium,3,1,,,1
Q6063,31,22.16,Sci-Fi,Premium,4,0,,,2
Q6689,20,18.39,Comedy,Premium,0,1,,,2
Q6909,20,22.68,Comedy,Premium,0,0,,,2
Q6951,56,24.92,Comedy,Standard,0,1,,,2
Q7033,32,10.66,Drama,Premium,0,1,,,0
Q7218,44,11.30,Action,Standard,4,1,,,2
Q7732,42,22.69,Sci-Fi,Premium,7,1,,,0
Q7827,43,21.87,Drama,Premium,0,0,,,2
Q8028,31,16.38,Action,Standard,0,0,,,2
Q8198,58,24.17,Horror,Standard,0,0,,,0
Q8269,52,19.72,Horror,VIP,0,1,,,0
Q8351,38,15.64,Horror,Standard,7,0,,,1
Q8760,26,22.32,Comedy,VIP,5,1,,,0
Q8927,21,20.46,Drama,VIP,7,0,,,1
Q9149,26,21.15,Drama,Premium,0,0,,,1
Q9783,19,17.34,Drama,Premium,3,0,,,2
Q9785,48,17.71,Drama,Premium,2,0,,,2
Q9931,60,23.13,Horror,VIP,0,1,,,2
R0226,52,16.58,Drama,Standard,3,1,,,1
R0307,44,15.85,Drama,Standard,0,1,,,0
R0385,29,14.60,Action,VIP,5,0,,,0
R0449,53,10.48,Action,Standard,0,1,,,1
R0452,40,10.06,Drama,VIP,2,1,,,0
R0528,33,10.05,Action,Standard,0,0,,,1
R0885,43,24.58,Horror,Standard,0,1,,,0
R1080,57,12.39,Drama,VIP,7,0,,,0
R1173,53,20.83,Action,Premium,7,0,,,1
R1338,24,21.61,Action,VIP,7,1,,,2
R1798,21,20.20,Drama,Standard,7,1,,,1
R1976,46,23.40,Sci-Fi,Premium,4,0,,,0
R2740,28,18.11,Drama,VIP,0,1,,,2
R3056,47,24.93,Sci-Fi,VIP,5,1,,,1
R3060,27,15.31,Horror,VIP,0,0,,,1
R3496,26,24.51,Action,VIP,0,0,,,1
R3498,39,19.95,Horror,Standard,0,1,,,1
R3505,55,22.20,Comedy,VIP,0,0,,,0
R3741,28,14.69,Drama,Standard,0,0,,,1
R3873,54,16.61,Sci-Fi,Standard,3,0,,,0
R3928,42,23.03,Horror,Standard,3,1,,,0
R3938,53,10.79,Action,Standard,2,0,,,0
R3941,49,24.95,Horror,Premium,4,0,,,0
R4146,53,20.62,Horror,Premium,2,1,,,2
R4165,41,10.47,Horror,VIP,0,1,,,2
R4219,42,22.41,Action,Premium,6,0,,,1
R4299,59,13.77,Sci-Fi,Standard,0,1,,,2
R4386,37,11.75,Horror,VIP,4,0,,,0
R4683,54,17.60,Comedy,VIP,6,1,,,1
R4795,39,15.57,Sci-Fi,Standard,0,0,,,1
R4883,31,16.48,Horror,Standard,0,0,,,0
R4992,50,14.45,Drama,Premium,0,1,,,0
R5096,38,20.23,Sci-Fi,Standard,0,1,,,2
R5176,48,13.49,Drama,Premium,0,1,,,0
R5366,45,23.93,Sci-Fi,Standard,3,0,,,2
R5530,26,12.57,Comedy,Premium,4,0,,,0
R5679,23,10.95,Action,Standard,0,0,,,2
R5874,28,20.37,Action,Premium,0,0,,,0
R5968,26,14.78,Action,VIP,0,0,,,2
R5976,22,21.00,Horror,Premium,0,0,,,1
R6020,42,19.82,Sci-Fi,VIP,7,0,,,2
R6144,60,22.72,Action,VIP,0,0,,,1
R6150,33,19.09,Comedy,Premium,5,1,,,1
R7113,45,13.58,Comedy,Premium,3,0,,,2
R7206,29,17.75,Comedy,Standard,3,1,,,2
R7285,45,15.98,Drama,Standard,2,0,,,0
R7354,29,15.28,Drama,Premium,4,0,,,0
R7418,50,23.17,Sci-Fi,VIP,0,1,,,2
R8256,53,17.13,Comedy,Premium,0,1,,,1
R8886,44,18.03,Comedy,Premium,0,1,,,2
R8918,18,20.70,Comedy,Standard,0,1,,,2
R8949,25,24.42,Action,VIP,0,0,,,0
R9005,34,22.99,Comedy,Standard,7,0,,,1
R9199,21,16.79,Comedy,Standard,5,0,,,0
R9227,26,23.43,Drama,Standard,0,1,,,0
R9228,54,11.23,Action,VIP,6,0,,,0
R9239,50,18.52,Sci-Fi,VIP,0,1,,,1
R9300,20,20.02,Horror,Premium,2,1,,,1
R9317,23,11.16,Comedy,VIP,7,0,,,2
R9368,44,20.65,Drama,Standard,2,1,,,1
S0443,34,17.90,Comedy,VIP,3,0,,,0
S0813,38,12.12,Horror,VIP,2,1,,,1
S0878,19,10.67,Drama,VIP,7,0,,,1
S0920,38,14.68,Sci-Fi,Standard,7,0,,,1
S1808,35,14.85,Horror,Standard,0,0,,,0
S1872,49,13.80,Drama,Premium,0,0,,,0
S2007,22,11.78,Action,Standard,0,0,,,2
S2012,21,13.64,Sci-Fi,Premium,0,1,,,0
S2049,26,24.33,Horror,Standard,0,1,,,2
S2077,22,24.30,Sci-Fi,Premium,0,1,,,0
S2200,45,17.09,Action,Standard,0,1,,,2
S2667,48,22.43,Comedy,Premium,6,0,,,0
S3117,30,15.04,Sci-Fi,Standard,4,0,,,2
S3317,19,13.76,Action,VIP,3,0,,,0
S3356,46,22.81,Sci-Fi,Premium,0,1,,,1
S3535,43,11.64,Comedy,Standard,0,1,,,2
S3826,34,15.42,Sci-Fi,Premium,3,0,,,0
S3916,24,16.75,Horror,Standard,0,0,,,2
S4073,42,12.31,Horror,VIP,0,0,,,0
S4408,50,14.52,Horror,Standard,4,1,,,1
S5270,35,22.02,Horror,Premium,0,0,,,0
S5399,54,11.77,Comedy,Standard,4,0,,,2
S5454,34,23.60,Drama,Premium,6,0,,,0
S5625,27,22.71,Action,VIP,0,0,,,2
S5665,42,22.78,Comedy,Premium,4,1,,,1
S5808,56,23.59,Horror,Standard,0,1,,,2
S5893,59,24.79,Drama,Standard,0,1,,,0
S6414,33,21.35,Horror,Premium,0,1,,,0
S6422,19,20.73,Action,Premium,0,0,,,2
S6507,47,18.50,Sci-Fi,VIP,0,0,,,2
S6536,34,14.44,Horror,VIP,6,0,,,1
S6575,24,10.64,Comedy,Standard,5,1,,,1
S6701,21,19.10,Sci-Fi,Standard,0,1,,,0
S7251,35,10.57,Sci-Fi,Premium,0,1,,,0
S7385,47,21.95,Action,Standard,3,0,,,2
S7393,52,19.60,Sci-Fi,Standard,5,1,,,0
S7659,42,14.26,Horror,VIP,4,1,,,0
S7850,32,23.25,Action,Premium,0,0,,,1
S7859,46,15.45,Action,Premium,2,0,,,2
S7928,53,12.89,Horror,VIP,4,1,,,2
S7944,50,14.29,Horror,Standard,0,1,,,1
S8354,38,13.64,Drama,Premium,0,1,,,0
S8388,20,19.27,Comedy,Premium,0,1,,,2
S8480,27,21.17,Action,Standard,0,1,,,2
S8984,42,24.51,Action,Standard,5,0,,,0
S9225,36,15.19,Drama,VIP,6,1,,,0
S9537,31,19.03,Comedy,VIP,0,0,,,1
S9738,57,19.98,Action,VIP,4,0,,,1
S9743,18,20.74,Sci-Fi,Standard,0,1,,,1
S9804,34,10.23,Comedy,Standard,0,1,,,0
S9882,38,16.99,Sci-Fi,VIP,0,1,,,0
S9901,18,21.81,Horror,VIP,0,0,,,1
T0002,60,24.08,Comedy,Standard,0,0,,,1
T0054,22,13.33,Horror,VIP,0,0,,,0
T0180,46,11.08,Horror,VIP,3,0,,,1
T0216,27,13.60,Comedy,VIP,5,1,,,1
T0480,49,22.24,Action,VIP,0,0,,,1
T1022,34,15.62,Drama,Standard,0,0,,,1
T1098,20,11.61,Action,VIP,7,1,,,0
T1209,51,17.20,Action,VIP,0,1,,,1
T1301,24,14.50,Action,Premium,0,1,,,1
T1735,24,24.43,Drama,VIP,7,1,,,2
T1793,33,21.55,Action,Premium,6,0,,,1
T1841,55,13.71,Comedy,Premium,0,0,,,2
T2013,43,15.44,Sci-Fi,Standard,3,0,,,2
T2129,22,24.82,Drama,Standard,0,1,,,0
T2333,44,22.32,Comedy,Premium,2,0,,,0
T2430,34,15.14,Horror,VIP,6,0,,,2
T2836,31,11.04,Drama,VIP,7,1,,,1
T2876,33,16.93,Horror,Premium,2,1,,,1
T3421,20,20.15,Sci-Fi,VIP,0,1,,,2
T3482,23,24.94,Horror,VIP,2,0,,,1
T3563,60,24.08,Horror,Premium,4,0,,,1
T4015,46,19.75,Comedy,Premium,7,1,,,2
T4531,22,22.03,Comedy,VIP,0,0,,,2
T4714,37,16.75,Horror,VIP,0,1,,,1
T4877,29,11.16,Comedy,Premium,3,0,,,1
T5208,23,17.07,Horror,Premium,0,0,,,2
T5210,45,15.45,Horror,VIP,6,0,,,2
T5282,35,20.26,Horror,Standard,7,0,,,1
T5345,22,23.75,Action,Premium,0,0,,,0
T5353,37,12.67,Drama,VIP,6,1,,,2
T5714,25,16.74,Sci-Fi,Premium,2,0,,,1
T6005,22,17.21,Horror,VIP,6,1,,,2
T6074,42,17.78,Drama,Premium,0,1,,,1
T6189,43,17.49,Action,Standard,0,1,,,2
T6565,20,20.71,Action,Premium,6,0,,,0
T6734,42,13.78,Horror,Standard,0,0,,,2
T7208,29,21.83,Drama,Standard,5,1,,,0
T7322,20,17.66,Comedy,Standard,0,0,,,0
T7439,36,15.17,Drama,VIP,3,1,,,0
T7858,21,11.73,Action,Premium,6,0,,,1
T7976,50,23.11,Horror,Premium,6,0,,,2
T8064,57,21.91,Comedy,Premium,0,0,,,2
T8132,60,20.22,Action,Standard,2,0,,,2
T8561,36,21.72,Horror,Premium,4,1,,,0
T8609,24,18.22,Comedy,Standard,0,1,,,2
T8611,35,10.98,Comedy,Premium,0,0,,,0
T8659,42,15.69,Comedy,Standard,0,1,,,2
T8730,40,12.96,Action,Premium,5,1,,,0
T9292,56,15.76,Action,Standard,0,1,,,2
T9628,38,11.95,Action,Standard,3,0,,,0
T9705,32,12.22,Action,Premium,0,0,,,0
T9837,32,24.97,Horror,VIP,0,0,,,2
T9882,32,10.26,Comedy,Standard,0,0,,,1
U0268,49,19.03,Action,VIP,0,1,,,0
U0284,45,12.86,Sci-Fi,VIP,0,1,,,1
U0452,18,20.05,Horror,Standard,6,0,,,1
U0585,26,23.17,Drama,Premium,0,0,,,0
U1070,59,21.39,Action,Premium,5,1,,,2
U1241,32,13.16,Drama,Standard,0,0,,,2
U1532,35,12.59,Drama,Premium,2,0,,,0
U1538,37,18.80,Horror,Premium,0,0,,,2
U1656,46,12.24,Horror,Premium,0,1,,,2
U1989,21,18.32,Horror,VIP,0,1,,,2
U2005,59,21.94,Horror,Standard,5,1,,,1
U2289,45,16.35,Sci-Fi,Premium,6,0,,,0
U2351,39,16.24,Drama,VIP,0,0,,,2
U2469,43,20.11,Horror,Premium,0,1,,,1
U2595,29,17.08,Action,Standard,2,1,,,2
U2868,25,16.18,Comedy,Premium,3,0,,,0
U2874,44,18.96,Horror,VIP,3,1,,,2
U2904,21,17.18,Sci-Fi,VIP,0,0,,,1
U2950,43,18.70,Comedy,Premium,4,0,,,1
U3222,51,21.05,Comedy,Premium,0,1,,,2
U3419,56,10.21,Action,Standard,5,1,,,2
U3427,41,17.52,Sci-Fi,VIP,4,0,,,0
U3440,39,13.32,Drama,Standard,0,0,,,1
U3526,36,24.12,Action,Standard,0,1,,,0
U3623,51,11.93,Horror,Standard,0,0,,,0
U3687,39,11.63,Comedy,Standard,7,0,,,0
U3817,22,15.21,Drama,Standard,0,0,,,0
U3904,58,23.95,Drama,VIP,0,1,,,0
U3922,42,16.88,Comedy,Premium,6,1,,,1
U4070,44,18.45,Comedy,Premium,0,1,,,2
U4102,56,20.53,Horror,Premium,7,1,,,2
U4238,27,16.09,Comedy,Premium,6,0,,,2
U4454,28,10.58,Comedy,VIP,0,0,,,2
U4513,19,18.82,Drama,VIP,0,1,,,1
U4514,28,21.67,Action,Premium,7,0,,,1
U5101,23,11.75,Drama,VIP,0,1,,,2
U5154,26,13.87,Horror,Premium,0,0,,,1
U5170,41,14.63,Sci-Fi,VIP,6,0,,,2
U5529,46,20.04,Horror,VIP,0,0,,,1
U6087,55,22.38,Drama,Standard,0,1,,,1
U6249,19,19.81,Comedy,VIP,7,0,,,0
U6318,58,22.32,Comedy,Premium,3,1,,,1
U6522,58,14.70,Drama,Standard,7,0,,,2
U6629,31,10.34,Action,Premium,7,0,,,0
U6973,38,15.02,Sci-Fi,VIP,0,0,,,2
U6984,45,14.16,Drama,VIP,7,0,,,1
U7953,35,23.40,Drama,VIP,7,0,,,1
U8055,27,14.37,Comedy,Standard,3,1,,,1
U8238,24,13.68,Action,Premium,0,0,,,0
U8338,31,20.66,Comedy,Premium,3,1,,,2
U8752,56,15.20,Comedy,Premium,6,1,,,2
U8801,53,20.95,Horror,Standard,0,0,,,2
U8822,49,23.73,Drama,Premium,0,1,,,0
U8857,57,14.92,Horror,VIP,3,0,,,2
U8934,38,17.67,Horror,VIP,2,0,,,1
U9336,29,13.17,Drama,VIP,4,0,,,1
U9486,40,13.72,Sci-Fi,Premium,0,1,,,1
U9616,50,21.68,Sci-Fi,VIP,2,1,,,2
U9667,18,12.86,Comedy,VIP,0,0,,,1
U9924,48,10.23,Sci-Fi,VIP,0,0,,,1
U9991,29,12.80,Horror,VIP,0,1,,,1
U9995,49,18.26,Drama,Standard,0,1,,,1
V0327,29,12.60,Drama,VIP,0,1,,,0
V0442,46,13.30,Comedy,VIP,0,0,,,1
V0461,26,10.14,Comedy,Standard,4,0,,,1
V0671,19,16.02,Sci-Fi,Premium,0,1,,,0
V0788,24,17.99,Drama,Standard,2,0,,,2
V0936,58,16.75,Action,VIP,5,1,,,0
V1725,23,24.09,Drama,Premium,0,0,,,1
V1732,54,11.49,Horror,Premium,0,1,,,2
V2226,21,19.94,Sci-Fi,Premium,0,0,,,2
V3059,51,14.13,Drama,Standard,0,0,,,2
V3085,44,13.95,Action,Standard,0,0,,,0
V3147,40,15.56,Horror,Standard,0,0,,,0
V3234,55,12.82,Horror,VIP,4,0,,,0
V3523,40,12.11,Action,Standard,0,1,,,1
V3617,23,12.97,Drama,Premium,0,0,,,0
V4268,31,15.97,Horror,Premium,0,1,,,2
V4466,45,16.36,Action,Premium,4,0,,,2
V4471,25,13.47,Action,Premium,2,0,,,2
V4673,34,12.34,Comedy,Premium,0,1,,,2
V4726,56,20.16,Sci-Fi,Standard,0,0,,,2
V4889,44,16.35,Sci-Fi,VIP,3,1,,,0
V4937,39,14.02,Horror,Premium,0,1,,,1
V4938,44,23.09,Sci-Fi,Premium,7,1,,,2
V5427,57,22.90,Sci-Fi,VIP,0,0,,,2
V5895,38,22.48,Sci-Fi,VIP,0,0,,,1
V6047,56,15.49,Drama,VIP,7,1,,,1
V6193,39,23.20,Sci-Fi,VIP,0,1,,,1
V6312,30,21.69,Drama,VIP,5,1,,,1
V6341,57,20.50,Action,Standard,0,0,,,1
V6391,20,17.35,Action,VIP,0,1,,,0
V6465,23,10.33,Sci-Fi,Standard,2,0,,,1
V6506,55,22.52,Horror,VIP,3,0,,,0
V6571,53,20.47,Horror,Premium,6,1,,,1
V6833,21,11.57,Action,VIP,0,0,,,2
V6948,31,22.76,Action,Standard,2,1,,,1
V6951,38,21.52,Sci-Fi,Standard,0,0,,,0
V6954,21,16.08,Horror,VIP,0,0,,,0
V7065,36,17.10,Drama,Standard,7,0,,,1
V7547,36,22.63,Comedy,VIP,7,1,,,0
V7658,60,17.61,Comedy,VIP,0,0,,,1
V7701,51,21.86,Drama,Premium,0,1,,,1
V8104,57,21.89,Horror,Premium,0,1,,,2
V8116,43,17.34,Drama,Standard,0,1,,,2
V8216,36,17.00,Horror,Standard,6,0,,,0
V8281,24,18.74,Sci-Fi,Premium,0,1,,,0
V8852,53,14.76,Horror,Premium,3,1,,,2
V8858,27,14.83,Comedy,Standard,0,0,,,2
V8990,19,17.97,Action,Premium,6,1,,,0
V9448,36,12.28,Action,VIP,2,1,,,2
V9452,26,10.51,Comedy,Standard,0,1,,,1
V9507,29,24.75,Comedy,VIP,0,0,,,0
V9737,19,20.35,Sci-Fi,Premium,0,1,,,1
V9885,53,12.19,Drama,Standard,0,1,,,2
V9900,35,10.07,Action,Premium,4,0,,,0
W0263,21,11.94,Sci-Fi,Standard,0,1,,,2
W0336,25,14.89,Action,VIP,0,0,,,0
W0666,53,12.25,Action,VIP,0,0,,,1
W0714,34,22.98,Comedy,VIP,6,1,,,1
W0782,52,21.93,Comedy,Standard,2,0,,,1
W0863,35,15.15,Horror,Standard,4,1,,,0
W1000,43,14.85,Horror,Premium,7,0,,,0
W1085,38,23.01,Drama,Premium,0,1,,,2
W1110,30,10.63,Horror,Premium,6,0,,,2
W1190,28,20.73,Horror,VIP,5,1,,,2
W1261,41,20.80,Comedy,Standard,6,0,,,1
W1342,20,11.14,Drama,Premium,0,1,,,0
W1383,49,23.81,Horror,VIP,7,1,,,2
W1683,31,23.23,Sci-Fi,Standard,5,0,,,1
W2315,35,16.24,Comedy,VIP,0,1,,,0
W2590,23,14.47,Sci-Fi,Premium,4,1,,,1
W2821,58,21.72,Horror,Premium,0,1,,,2
W2915,60,14.26,Horror,Premium,3,0,,,2
W2948,20,18.01,Horror,Premium,0,1,,,2
W2969,36,11.54,Comedy,VIP,6,0,,,2
W3077,28,16.49,Drama,Standard,5,1,,,1
W3416,34,19.64,Horror,Standard,0,0,,,0
W3495,55,11.76,Drama,Standard,0,1,,,0
W3548,30,12.50,Sci-Fi,VIP,0,1,,,0
W3570,58,22.23,Horror,VIP,7,1,,,1
W3659,40,10.92,Comedy,Standard,6,1,,,1
W3776,40,24.38,Action,VIP,3,1,,,0
W3785,38,18.25,Horror,Premium,6,0,,,1
W3789,47,12.08,Comedy,Premium,0,0,,,2
W4290,54,21.26,Drama,Standard,3,0,,,2
W4296,40,23.41,Horror,VIP,7,0,,,0
W4300,48,20.37,Action,VIP,0,0,,,1
W4387,48,17.96,Action,Premium,4,0,,,1
W4817,39,10.63,Action,Premium,2,1,,,2
W5960,57,14.89,Action,VIP,0,1,,,2
W6360,54,15.18,Comedy,Premium,0,0,,,1
W6958,21,14.36,Sci-Fi,Standard,0,1,,,2
W7032,52,19.13,Drama,Standard,3,1,,,0
W7271,34,20.25,Comedy,Premium,2,1,,,0
W7299,52,24.30,Drama,VIP,0,1,,,2
W7337,28,19.41,Drama,Standard,0,1,,,1
W7379,28,14.31,Drama,Standard,7,0,,,0
W7445,20,10.04,Comedy,VIP,7,1,,,0
W7738,56,22.88,Sci-Fi,Standard,0,0,,,1
W7792,38,21.91,Drama,Standard,0,1,,,0
W8226,57,13.46,Action,VIP,0,0,,,0
W8442,19,23.77,Comedy,Premium,0,0,,,1
W8501,46,19.48,Action,VIP,3,0,,,2
W8632,52,15.62,Drama,VIP,0,0,,,1
W8659,34,17.46,Action,Premium,7,1,,,1
W8712,43,17.70,Comedy,Premium,0,0,,,2
W8747,42,20.95,Sci-Fi,Standard,4,1,,,2
W9028,35,14.11,Action,Standard,3,0,,,0
W9224,39,22.42,Comedy,Premium,0,1,,,0
W9717,43,22.55,Comedy,Premium,4,1,,,2
X0028,43,23.83,Sci-Fi,Premium,3,0,,,2
X0045,35,11.37,Sci-Fi,Standard,3,1,,,2
X0241,32,23.44,Action,Standard,5,1,,,0
X0475,26,15.19,Comedy,Premium,2,1,,,0
X0583,40,16.54,Sci-Fi,Premium,0,0,,,2
X0949,22,20.16,Action,VIP,2,0,,,2
X1087,25,21.72,Action,VIP,0,1,,,1
X1245,18,11.50,Horror,VIP,2,1,,,1
X2102,37,14.32,Sci-Fi,Standard,0,1,,,1
X2134,41,11.79,Comedy,VIP,0,1,,,0
X2205,38,11.85,Action,Standard,0,0,,,1
X2267,22,12.63,Sci-Fi,Standard,0,1,,,0
X2814,41,14.41,Comedy,VIP,0,0,,,0
X2879,38,15.42,Sci-Fi,Standard,0,1,,,1
X2942,56,19.35,Drama,Standard,6,0,,,0
X3029,48,15.54,Action,VIP,7,1,,,0
X3353,41,20.00,Action,VIP,5,0,,,1
X3386,43,17.62,Comedy,Premium,4,0,,,1
X3910,51,12.30,Drama,Standard,0,0,,,2
X4255,33,17.05,Comedy,Standard,0,1,,,0
X4543,28,18.37,Sci-Fi,VIP,7,0,,,0
X4553,55,13.54,Comedy,Standard,4,1,,,1
X4653,50,17.59,Action,VIP,7,0,,,0
X4739,47,22.60,Horror,VIP,0,0,,,1
X4744,43,16.05,Action,Premium,0,0,,,1
X4893,52,15.56,Sci-Fi,Premium,5,0,,,2
X4895,27,15.26,Action,Standard,6,0,,,2
X5079,19,18.81,Sci-Fi,VIP,0,1,,,0
X5159,38,22.71,Comedy,Premium,3,0,,,1
X5271,40,16.20,Sci-Fi,Standard,0,0,,,2
X5473,22,18.86,Sci-Fi,Standard,5,1,,,0
X5538,58,21.45,Sci-Fi,Premium,6,1,,,0
X5590,54,24.96,Horror,Standard,7,0,,,2
X6087,19,22.66,Comedy,Standard,2,0,,,0
X6780,48,11.14,Sci-Fi,VIP,6,1,,,0
X6978,21,14.99,Drama,Premium,7,0,,,1
X7172,18,15.51,Action,VIP,4,0,,,2
X7294,26,18.44,Comedy,VIP,0,0,,,1
X7335,58,12.17,Horror,Standard,0,1,,,1
X7448,54,20.85,Drama,VIP,0,0,,,0
X7552,26,19.87,Sci-Fi,Standard,5,0,,,1
X7881,37,10.38,Sci-Fi,VIP,5,1,,,0
X7898,44,23.06,Comedy,Premium,7,0,,,1
X8137,55,24.76,Action,Standard,3,1,,,2
X8350,52,24.27,Horror,Premium,3,0,,,0
X8408,43,10.38,Drama,VIP,4,1,,,2
X8730,56,18.98,Horror,VIP,7,0,,,1
X8764,42,14.77,Horror,VIP,6,0,,,1
X8783,46,13.86,Drama,Premium,0,0,,,1
X8987,41,19.68,Comedy,VIP,0,0,,,2
X9125,56,18.66,Sci-Fi,VIP,3,0,,,1
X9360,39,18.27,Action,Premium,0,0,,,1
X9373,50,11.26,Drama,Standard,4,1,,,2
X9468,22,21.36,Comedy,VIP,7,0,,,0
X9848,28,20.41,Comedy,Premium,0,1,,,1
Y0325,38,21.73,Horror,Premium,0,0,,,2
Y0420,24,24.21,Sci-Fi,Standard,6,0,,,2
Y0633,44,22.89,Drama,Standard,0,1,,,0
Y0761,31,21.73,Horror,VIP,0,0,,,0
Y0798,21,19.84,Horror,Premium,4,1,,,1
Y0899,59,16.81,Action,Premium,3,1,,,2
Y0986,27,18.28,Drama,Premium,6,0,,,2
Y1044,47,18.52,Comedy,Standard,6,0,,,2
Y1327,43,23.69,Sci-Fi,Standard,7,0,,,0
Y1864,59,22.85,Drama,Standard,0,1,,,0
Y2384,41,20.60,Action,VIP,0,0,,,0
Y2620,55,15.49,Sci-Fi,VIP,6,0,,,1
Y2711,23,19.44,Sci-Fi,Premium,0,0,,,1
Y2750,51,24.45,Comedy,Standard,0,0,,,2
Y3205,25,16.56,Sci-Fi,VIP,0,0,,,0
Y3599,59,23.03,Comedy,VIP,3,0,,,1
Y3702,29,13.42,Action,Standard,0,1,,,1
Y3751,58,11.26,Action,VIP,0,1,,,0
Y3762,35,17.35,Drama,VIP,0,0,,,1
Y3795,34,12.01,Action,Standard,0,1,,,1
Y3923,29,20.74,Horror,VIP,0,0,,,0
Y4099,48,19.44,Action,Standard,5,1,,,1
Y4232,31,10.46,Comedy,Standard,6,1,,,0
Y4248,50,13.83,Action,Premium,4,1,,,0
Y4752,31,15.53,Drama,Premium,4,0,,,2
Y4885,52,20.48,Action,Premium,0,0,,,2
Y4995,55,14.86,Sci-Fi,Standard,4,0,,,2
Y5020,20,24.92,Horror,Standard,5,0,,,0
Y5391,32,21.25,Sci-Fi,VIP,4,0,,,0
Y5529,26,16.49,Comedy,Premium,0,0,,,1
Y5792,27,16.01,Action,Standard,0,0,,,2
Y5962,43,21.19,Action,Premium,0,0,,,0
Y6028,21,13.88,Horror,Premium,6,0,,,2
Y6242,54,20.12,Drama,VIP,0,1,,,2
Y6284,48,14.30,Drama,Standard,0,1,,,1
Y6288,55,23.63,Sci-Fi,Premium,0,1,,,0
Y6380,58,14.83,Action,VIP,0,1,,,2
Y6457,56,21.72,Drama,VIP,7,1,,,1
Y6750,31,20.43,Drama,Premium,3,0,,,1
Y6890,60,19.93,Action,Premium,5,1,,,2
Y7042,27,16.48,Action,Standard,0,0,,,2
Y7065,29,23.92,Sci-Fi,Standard,4,0,,,0
Y7094,52,18.09,Drama,VIP,4,1,,,0
Y7160,30,17.21,Action,Premium,5,0,,,1
Y7282,56,10.99,Comedy,Standard,0,1,,,2
Y7433,37,14.91,Horror,Premium,0,1,,,0
Y7492,20,23.02,Sci-Fi,VIP,0,0,,,2
Y7647,36,18.31,Sci-Fi,Premium,0,0,,,1
Y7689,27,23.31,Horror,VIP,0,1,,,2
Y7896,32,19.19,Drama,VIP,0,1,,,1
Y7920,21,24.26,Sci-Fi,VIP,3,0,,,1
Y8012,33,14.59,Sci-Fi,Standard,3,0,,,1
Y8059,36,20.19,Comedy,Premium,2,1,,,0
Y8317,50,10.10,Horror,VIP,0,0,,,2
Y8442,56,11.02,Action,Standard,0,0,,,1
Y8579,21,19.43,Action,Premium,0,1,,,0
Y8732,35,10.41,Comedy,VIP,0,1,,,2
Y8937,29,23.55,Horror,Premium,0,1,,,1
Y9176,51,15.73,Drama,VIP,6,0,,,2
Y9313,38,15.42,Comedy,Premium,0,0,,,1
Y9595,32,21.93,Action,Premium,0,0,,,2
Y9710,33,22.07,Drama,Standard,6,0,,,2
Y9868,28,19.28,Drama,Standard,0,1,,,0
Z0037,52,13.60,Sci-Fi,Premium,5,1,,,0
Z0104,33,17.37,Action,Premium,2,0,,,2
Z0219,48,16.87,Action,Standard,3,1,,,2
Z0663,43,21.99,Drama,Standard,6,1,,,0
Z0746,21,15.24,Sci-Fi,VIP,4,0,,,0
Z1180,35,24.65,Drama,Standard,0,1,,,1
Z1477,47,10.35,Drama,Standard,0,0,,,0
Z1517,51,19.13,Horror,VIP,2,0,,,0
Z1729,27,22.72,Drama,VIP,0,0,,,1
Z1790,34,11.22,Action,VIP,0,1,,,1
Z1901,52,18.13,Drama,Standard,0,0,,,1
Z1944,33,18.20,Action,VIP,0,0,,,0
Z2085,57,20.34,Horror,VIP,4,1,,,1
Z2277,55,14.98,Drama,Premium,2,1,,,1
Z2342,56,16.41,Action,VIP,3,0,,,2
Z2440,22,21.52,Horror,Standard,5,1,,,1
Z2623,58,23.76,Comedy,Premium,6,0,,,0
Z2710,48,14.98,Action,Premium,4,0,,,2
Z3248,25,17.03,Action,Standard,0,0,,,2
Z3286,37,22.52,Sci-Fi,Standard,6,1,,,0
Z3492,34,14.23,Sci-Fi,VIP,0,1,,,0
Z3930,23,20.57,Action,VIP,6,0,,,1
Z4276,49,16.10,Drama,Standard,5,1,,,1
Z4432,38,11.74,Action,Standard,6,0,,,0
Z4627,36,23.72,Action,VIP,4,1,,,0
Z4654,51,15.46,Drama,Premium,4,0,,,1
Z4756,36,24.49,Comedy,Premium,2,1,,,2
Z4944,49,18.57,Drama,VIP,0,0,,,2
Z4956,47,24.08,Comedy,Premium,6,0,,,1
Z5047,55,14.37,Action,Premium,0,0,,,2
Z5538,21,12.40,Drama,Standard,7,1,,,2
Z5642,60,16.26,Horror,VIP,0,0,,,0
Z6364,44,15.45,Horror,Premium,2,0,,,1
Z6618,25,23.20,Horror,VIP,5,0,,,2
Z7240,57,20.22,Comedy,VIP,0,1,,,1
Z7255,60,17.76,Horror,VIP,0,1,,,1
Z7405,36,11.02,Horror,Standard,4,1,,,1
Z7628,57,15.39,Drama,Standard,0,1,,,0
Z7851,44,11.99,Action,Standard,0,0,,,0
Z8034,26,23.41,Horror,VIP,0,0,,,0
Z8035,39,20.16,Comedy,Standard,2,1,,,1
Z8082,31,20.97,Horror,Premium,0,0,,,0
Z8084,24,10.83,Horror,VIP,6,0,,,2
Z8170,60,21.90,Action,VIP,0,0,,,1
Z8213,54,21.41,Horror,Standard,0,1,,,1
Z8270,23,15.29,Sci-Fi,VIP,6,1,,,0
Z8477,39,20.49,Sci-Fi,Premium,4,0,,,1
Z8755,27,24.04,Action,Premium,2,0,,,2
Z8779,51,12.45,Drama,VIP,4,0,,,2
Z8954,55,20.34,Horror,VIP,0,1,,,1
Z9207,52,15.07,Drama,Premium,2,1,,,1
Z9239,49,17.30,Sci-Fi,Premium,0,1,,,2
Z9614,19,14.47,Action,Standard,2,0,,,2
Z9849,58,11.29,Drama,Standard,2,0,,,0
,,,,,,,,,0
